{
  "metadata": {
    "analysis_date": "2025-09-10T19:10:02.511895",
    "script_version": "2.3.0",
    "analysis_focus": "remaining_constants_only",
    "config": {
      "tolerance": 1e-06,
      "monte_carlo_trials": 10000,
      "bootstrap_samples": 1000,
      "significance_level": 0.05,
      "max_zeros_for_analysis": 2000000,
      "random_seed": 42
    },
    "n_zeros_analyzed": 2000000,
    "n_constants_tested": 7
  },
  "matches": [
    {
      "constant_name": "gravity_acceleration",
      "constant_value": 9.80665,
      "zero_index": 20136,
      "gamma_value": 9.80665469969478,
      "absolute_error": 4.69969478089638e-06,
      "relative_error": 4.792354964127791e-07,
      "significance": 0.0,
      "confidence_interval": [
        9.796848044995086,
        9.816461354394473
      ],
      "transformation": "log"
    },
    {
      "constant_name": "faraday_constant",
      "constant_value": 96485.33212,
      "zero_index": 132667,
      "gamma_value": 96485.476861581,
      "absolute_error": 0.14474158099619672,
      "relative_error": 1.500140775969759e-06,
      "significance": 0.0,
      "confidence_interval": [
        96388.99138471943,
        96581.96233844258
      ],
      "transformation": "identity"
    },
    {
      "constant_name": "gas_constant",
      "constant_value": 8.314462618,
      "zero_index": 1668152,
      "gamma_value": 8.314439950051172,
      "absolute_error": 2.2667948828214435e-05,
      "relative_error": 2.7263275896075997e-06,
      "significance": 0.0,
      "confidence_interval": [
        8.30612551010112,
        8.322754390001222
      ],
      "transformation": "tan"
    }
  ],
  "statistical_analysis": {
    "match_statistics": {
      "count": 3,
      "mean_relative_error": 1.5685679539967126e-06,
      "std_relative_error": 9.186466233339199e-07,
      "median_relative_error": 1.500140775969759e-06,
      "min_relative_error": 4.792354964127791e-07,
      "max_relative_error": 2.7263275896075997e-06
    },
    "category_breakdown": {
      "classical_physics_matches": 1,
      "thermodynamics_matches": 1,
      "electromagnetism_matches": 0,
      "quantum_physics_matches": 0,
      "particle_physics_matches": 0,
      "electrochemistry_matches": 1
    },
    "monte_carlo_p_value": 0.0,
    "expected_matches_uniform": 2.473650460835142e-05,
    "bonferroni_corrected_alpha": 0.016666666666666666
  },
  "constants_database": {
    "gravity_acceleration": {
      "value": 9.80665,
      "uncertainty": 0.0,
      "source": "Standard Gravity",
      "category": "classical_physics",
      "description": "Acceleration due to gravity at Earth's surface (m/s\u00b2)"
    },
    "gas_constant": {
      "value": 8.314462618,
      "uncertainty": 0.0,
      "source": "CODATA 2018",
      "category": "thermodynamics",
      "description": "Universal ideal gas constant (J/mol\u00b7K)"
    },
    "vacuum_permittivity": {
      "value": 8.8541878128e-12,
      "uncertainty": 0.0,
      "source": "CODATA 2018",
      "category": "electromagnetism",
      "description": "Electric permittivity of vacuum (F/m)"
    },
    "elementary_charge": {
      "value": 1.602176634e-19,
      "uncertainty": 0.0,
      "source": "CODATA 2018",
      "category": "quantum_physics",
      "description": "Elementary electric charge (C)"
    },
    "proton_mass": {
      "value": 1.67262192369e-27,
      "uncertainty": 0.0,
      "source": "CODATA 2018",
      "category": "particle_physics",
      "description": "Rest mass of proton (kg)"
    },
    "bohr_radius": {
      "value": 5.29177210903e-11,
      "uncertainty": 0.0,
      "source": "CODATA 2018",
      "category": "quantum_physics",
      "description": "Bohr radius of hydrogen atom (m)"
    },
    "faraday_constant": {
      "value": 96485.33212,
      "uncertainty": 0.0,
      "source": "CODATA 2018",
      "category": "electrochemistry",
      "description": "Electric charge per mole of electrons (C/mol)"
    }
  }
}