{
  "metadata": {
    "analysis_date": "2025-09-10T01:36:50.754615",
    "script_version": "2.3.0",
    "analysis_focus": "quantum_gravity_relativity_only",
    "config": {
      "tolerance": 1e-06,
      "monte_carlo_trials": 10000,
      "bootstrap_samples": 1000,
      "significance_level": 0.05,
      "max_zeros_for_analysis": 2000000,
      "random_seed": 42
    },
    "n_zeros_analyzed": 2000000,
    "n_constants_tested": 10
  },
  "matches": [
    {
      "constant_name": "immirzi_parameter",
      "constant_value": 0.2375,
      "zero_index": 1940096,
      "gamma_value": 0.23750014829588798,
      "absolute_error": 1.4829588798614957e-07,
      "relative_error": 6.244037388890509e-07,
      "significance": 0.0,
      "confidence_interval": [
        0.2372626481475921,
        0.23773764844418382
      ],
      "transformation": "cos"
    }
  ],
  "statistical_analysis": {
    "match_statistics": {
      "count": 1,
      "mean_relative_error": 6.244037388890509e-07,
      "std_relative_error": 0.0,
      "median_relative_error": 6.244037388890509e-07,
      "min_relative_error": 6.244037388890509e-07,
      "max_relative_error": 6.244037388890509e-07
    },
    "category_breakdown": {
      "quantum_gravity_matches": 1,
      "general_relativity_matches": 0,
      "black_hole_matches": 0,
      "holographic_matches": 0,
      "loop_qg_matches": 1
    },
    "monte_carlo_p_value": 0.0,
    "expected_matches_uniform": 3.533786372621631e-05,
    "bonferroni_corrected_alpha": 0.05
  },
  "constants_database": {
    "planck_length": {
      "value": 1.616255e-35,
      "uncertainty": 0.0,
      "source": "Fundamental Constant",
      "category": "quantum_gravity",
      "description": "Planck length - scale of quantum gravity"
    },
    "planck_time": {
      "value": 5.391247e-44,
      "uncertainty": 0.0,
      "source": "Fundamental Constant",
      "category": "quantum_gravity",
      "description": "Planck time - smallest meaningful time interval"
    },
    "planck_mass": {
      "value": 2.176434e-08,
      "uncertainty": 0.0,
      "source": "Fundamental Constant",
      "category": "quantum_gravity",
      "description": "Planck mass - mass scale of quantum gravity"
    },
    "bekenstein_hawking_entropy": {
      "value": 1e+77,
      "uncertainty": 0.0,
      "source": "General Relativity + Quantum Theory",
      "category": "black_hole_physics",
      "description": "Bekenstein-Hawking entropy for 1 solar mass black hole"
    },
    "black_hole_horizon_area": {
      "value": 1e+77,
      "uncertainty": 0.0,
      "source": "General Relativity",
      "category": "general_relativity",
      "description": "Event horizon area for 1 solar mass black hole (Planck units)"
    },
    "cosmological_constant": {
      "value": 1e-122,
      "uncertainty": 0.0,
      "source": "Quantum Field Theory + Observations",
      "category": "quantum_gravity",
      "description": "Cosmological constant in Planck units (fine-tuning problem)"
    },
    "holographic_universe_entropy": {
      "value": 1e+122,
      "uncertainty": 0.0,
      "source": "Holographic Principle",
      "category": "holographic_principle",
      "description": "Maximum entropy of observable universe (holographic bound)"
    },
    "holographic_bits_universe": {
      "value": 1e+122,
      "uncertainty": 0.0,
      "source": "Holographic Principle",
      "category": "holographic_principle",
      "description": "Number of holographic bits in observable universe"
    },
    "immirzi_parameter": {
      "value": 0.2375,
      "uncertainty": 0.0,
      "source": "Loop Quantum Gravity",
      "category": "loop_quantum_gravity",
      "description": "Immirzi parameter in Loop Quantum Gravity"
    },
    "hawking_temperature": {
      "value": 6e-08,
      "uncertainty": 0.0,
      "source": "Black Hole Thermodynamics",
      "category": "black_hole_physics",
      "description": "Hawking temperature for 1 solar mass black hole"
    }
  }
}