{
  "metadata": {
    "analysis_date": "2025-09-11T01:38:38.345925",
    "script_version": "2.3.0",
    "analysis_focus": "particle_masses_only",
    "config": {
      "tolerance": 1e-06,
      "monte_carlo_trials": 10000,
      "bootstrap_samples": 1000,
      "significance_level": 0.05,
      "max_zeros_for_analysis": 2000000,
      "random_seed": 42
    },
    "n_zeros_analyzed": 2000000,
    "n_constants_tested": 8
  },
  "matches": [
    {
      "constant_name": "planck_mass",
      "constant_value": 1.0,
      "zero_index": 21962,
      "gamma_value": 0.9999999999999999,
      "absolute_error": 1.1102230246251565e-16,
      "relative_error": 1.1102230246251565e-16,
      "significance": 0.0,
      "confidence_interval": [
        0.9989999999999999,
        1.0009999999999997
      ],
      "transformation": "sin"
    }
  ],
  "statistical_analysis": {
    "match_statistics": {
      "count": 1,
      "mean_relative_error": 1.1102230246251565e-16,
      "std_relative_error": 0.0,
      "median_relative_error": 1.1102230246251565e-16,
      "min_relative_error": 1.1102230246251565e-16,
      "max_relative_error": 1.1102230246251565e-16
    },
    "category_breakdown": {
      "leptons_matches": 0,
      "quarks_matches": 0,
      "bosons_matches": 0,
      "quantum_gravity_matches": 1,
      "neutrinos_matches": 0
    },
    "monte_carlo_p_value": 0.0,
    "expected_matches_uniform": 2.827029098097305e-05,
    "bonferroni_corrected_alpha": 0.05
  },
  "constants_database": {
    "electron_mass": {
      "value": 4.185462214731958e-23,
      "uncertainty": 1.2865079115417785e-30,
      "source": "CODATA 2018",
      "category": "leptons",
      "description": "Electron mass in Planck units"
    },
    "muon_mass": {
      "value": 8.654208356338066e-21,
      "uncertainty": 1.9297618673126677e-27,
      "source": "CODATA 2018",
      "category": "leptons",
      "description": "Muon mass in Planck units"
    },
    "tau_mass": {
      "value": 1.4553804536160875e-19,
      "uncertainty": 3.721683601245859e-26,
      "source": "CODATA 2018",
      "category": "leptons",
      "description": "Tau mass in Planck units"
    },
    "up_quark_mass": {
      "value": 9.924489603322292e-23,
      "uncertainty": 2.2973355563246046e-23,
      "source": "PDG",
      "category": "quarks",
      "description": "Up quark mass in Planck units"
    },
    "down_quark_mass": {
      "value": 2.1457114096071806e-22,
      "uncertainty": 2.2973355563246046e-23,
      "source": "PDG",
      "category": "quarks",
      "description": "Down quark mass in Planck units"
    },
    "higgs_mass": {
      "value": 1.0292063292334227e-17,
      "uncertainty": 4.594671112649209e-20,
      "source": "CERN (ATLAS/CMS)",
      "category": "bosons",
      "description": "Higgs boson mass in Planck units"
    },
    "planck_mass": {
      "value": 1.0,
      "uncertainty": 0.0,
      "source": "Fundamental Constant",
      "category": "quantum_gravity",
      "description": "Planck mass (reference scale)"
    },
    "neutrino_mass_upper_limit": {
      "value": 1.010827644782826e-29,
      "uncertainty": 0.0,
      "source": "KATRIN + Cosmology",
      "category": "neutrinos",
      "description": "Upper limit on electron neutrino mass in Planck units"
    }
  }
}