{
  "metadata": {
    "analysis_date": "2025-09-09T22:04:48.611186",
    "script_version": "2.3.0",
    "analysis_focus": "fundamental_forces_only",
    "config": {
      "tolerance": 1e-06,
      "monte_carlo_trials": 10000,
      "bootstrap_samples": 1000,
      "significance_level": 0.05,
      "max_zeros_for_analysis": 2000000,
      "random_seed": 42
    },
    "n_zeros_analyzed": 2000000,
    "n_constants_tested": 6
  },
  "matches": [
    {
      "constant_name": "fermi_coupling_constant",
      "constant_value": 1.1663787e-05,
      "zero_index": 116274,
      "gamma_value": 1.1663780640661717e-05,
      "absolute_error": 6.3593382828159824e-12,
      "relative_error": 5.452207145771766e-07,
      "significance": 0.0,
      "confidence_interval": [
        1.1652116860021054e-05,
        1.1675444421302377e-05
      ],
      "transformation": "inverse"
    },
    {
      "constant_name": "fine_structure_constant",
      "constant_value": 0.0072973525693,
      "zero_index": 20930,
      "gamma_value": 0.007297449482985426,
      "absolute_error": 9.691368542570633e-08,
      "relative_error": 1.3280663707194676e-05,
      "significance": 0.0,
      "confidence_interval": [
        0.007290152033502441,
        0.007304746932468411
      ],
      "transformation": "reciprocal_sqrt"
    }
  ],
  "statistical_analysis": {
    "match_statistics": {
      "count": 2,
      "mean_relative_error": 6.912942210885926e-06,
      "std_relative_error": 6.3677214963087495e-06,
      "median_relative_error": 6.912942210885926e-06,
      "min_relative_error": 5.452207145771766e-07,
      "max_relative_error": 1.3280663707194676e-05
    },
    "category_breakdown": {
      "gravity_matches": 0,
      "electromagnetism_matches": 1,
      "weak_force_matches": 1,
      "strong_force_matches": 0
    },
    "monte_carlo_p_value": 0.0,
    "expected_matches_uniform": 2.120271823572979e-05,
    "bonferroni_corrected_alpha": 0.025
  },
  "constants_database": {
    "gravitational_constant": {
      "value": 6.6743e-11,
      "uncertainty": 1.5e-15,
      "source": "CODATA 2018",
      "category": "gravity",
      "description": "Newtonian gravitational constant"
    },
    "gravitational_coupling": {
      "value": 5.906149417423905e-39,
      "uncertainty": 0.0,
      "source": "Derived (G\u00b7m_p\u00b2/\u0127c)",
      "category": "gravity",
      "description": "Dimensionless gravitational coupling constant (using proton mass)"
    },
    "fine_structure_constant": {
      "value": 0.0072973525693,
      "uncertainty": 1.1e-11,
      "source": "CODATA 2018",
      "category": "electromagnetism",
      "description": "Fine structure constant (electromagnetic coupling)"
    },
    "fermi_coupling_constant": {
      "value": 1.1663787e-05,
      "uncertainty": 6e-13,
      "source": "Particle Data Group",
      "category": "weak_force",
      "description": "Fermi coupling constant (weak force)"
    },
    "weak_coupling_constant": {
      "value": 0.03389830508474576,
      "uncertainty": 0.001,
      "source": "Particle Data Group (derived)",
      "category": "weak_force",
      "description": "Dimensionless weak coupling constant at M_Z scale"
    },
    "strong_coupling_constant": {
      "value": 0.118,
      "uncertainty": 0.001,
      "source": "Particle Data Group",
      "category": "strong_force",
      "description": "Strong coupling constant at Z-boson mass scale"
    }
  }
}