{
  "metadata": {
    "analysis_date": "2025-09-09T20:52:36.744475",
    "script_version": "2.3.0",
    "analysis_focus": "dark_energy_dark_matter_only",
    "config": {
      "tolerance": 1e-06,
      "monte_carlo_trials": 10000,
      "bootstrap_samples": 1000,
      "significance_level": 0.05,
      "max_zeros_for_analysis": 2000000,
      "random_seed": 42
    },
    "n_zeros_analyzed": 2000000,
    "n_constants_tested": 12
  },
  "matches": [
    {
      "constant_name": "hubble_constant",
      "constant_value": 67.66,
      "zero_index": 483384,
      "gamma_value": 67.65999692146279,
      "absolute_error": 3.0785372047148485e-06,
      "relative_error": 4.5500106484109496e-08,
      "significance": 0.0,
      "confidence_interval": [
        67.59233692454133,
        67.72765691838424
      ],
      "transformation": "cube_root"
    },
    {
      "constant_name": "dark_to_baryonic_matter_ratio",
      "constant_value": 5.1726190476190474,
      "zero_index": 214867,
      "gamma_value": 5.172618553863115,
      "absolute_error": 4.93755932140516e-07,
      "relative_error": 9.54556922895359e-08,
      "significance": 0.0,
      "confidence_interval": [
        5.167445935309252,
        5.177791172416978
      ],
      "transformation": "log10"
    }
  ],
  "statistical_analysis": {
    "match_statistics": {
      "count": 2,
      "mean_relative_error": 7.04778993868227e-08,
      "std_relative_error": 2.49777929027132e-08,
      "median_relative_error": 7.04778993868227e-08,
      "min_relative_error": 4.5500106484109496e-08,
      "max_relative_error": 9.54556922895359e-08
    },
    "category_breakdown": {
      "dark_energy_matches": 0,
      "dark_matter_matches": 1,
      "other_matches": 1
    },
    "monte_carlo_p_value": 0.0,
    "expected_matches_uniform": 4.240543647145958e-05,
    "bonferroni_corrected_alpha": 0.025
  },
  "dark_constants_database": {
    "dark_energy_density": {
      "value": 0.6889,
      "uncertainty": 0.0056,
      "source": "Planck 2018",
      "category": "dark_energy",
      "description": "Dark energy density parameter"
    },
    "dark_energy_equation_of_state": {
      "value": -1.028,
      "uncertainty": 0.032,
      "source": "DESI 2024",
      "category": "dark_energy",
      "description": "Dark energy equation of state parameter (w = P/\u03c1)"
    },
    "dark_energy_absolute_w": {
      "value": 1.028,
      "uncertainty": 0.032,
      "source": "Derived (DESI 2024)",
      "category": "dark_energy",
      "description": "Absolute value of dark energy equation of state"
    },
    "dark_matter_density": {
      "value": 0.2607,
      "uncertainty": 0.0057,
      "source": "Planck 2018",
      "category": "dark_matter",
      "description": "Cold dark matter density parameter"
    },
    "total_matter_density": {
      "value": 0.3111,
      "uncertainty": 0.0056,
      "source": "Planck 2018",
      "category": "dark_matter",
      "description": "Total matter density parameter (includes dark matter)"
    },
    "baryon_density": {
      "value": 0.0504,
      "uncertainty": 0.0008,
      "source": "Planck 2018",
      "category": "baryonic_matter",
      "description": "Baryonic matter density parameter (for comparison with dark matter)"
    },
    "dark_energy_to_matter_ratio": {
      "value": 2.2144005143040824,
      "uncertainty": 0.03,
      "source": "Derived (Planck 2018)",
      "category": "dark_energy_ratio",
      "description": "Ratio of dark energy to total matter density"
    },
    "dark_to_baryonic_matter_ratio": {
      "value": 5.1726190476190474,
      "uncertainty": 0.05,
      "source": "Derived (Planck 2018)",
      "category": "dark_matter_ratio",
      "description": "Ratio of dark matter to baryonic matter"
    },
    "dark_matter_fraction": {
      "value": 0.8379942140790743,
      "uncertainty": 0.02,
      "source": "Derived (Planck 2018)",
      "category": "dark_matter_ratio",
      "description": "Dark matter fraction of total matter"
    },
    "hubble_constant": {
      "value": 67.66,
      "uncertainty": 0.42,
      "source": "Planck 2018",
      "category": "cosmic_expansion",
      "description": "Hubble constant (km/s/Mpc) - related to dark energy expansion"
    },
    "dark_energy_w_plus_one": {
      "value": -0.028000000000000025,
      "uncertainty": 0.032,
      "source": "Derived (DESI 2024)",
      "category": "dark_energy",
      "description": "Dark energy deviation from cosmological constant (w = -1)"
    },
    "universe_curvature": {
      "value": 5.551115123125783e-17,
      "uncertainty": 0.008,
      "source": "Derived (Planck 2018)",
      "category": "cosmic_geometry",
      "description": "Universe curvature parameter (should be \u2248 0 for flat universe)"
    }
  }
}