{
  "metadata": {
    "analysis_date": "2025-09-10T01:04:53.076354",
    "script_version": "2.3.0",
    "analysis_focus": "extra_dimensions_only",
    "config": {
      "tolerance": 1e-06,
      "monte_carlo_trials": 10000,
      "bootstrap_samples": 1000,
      "significance_level": 0.05,
      "max_zeros_for_analysis": 2000000,
      "random_seed": 42
    },
    "n_zeros_analyzed": 2000000,
    "n_constants_tested": 10
  },
  "matches": [
    {
      "constant_name": "compactification_radius_planck",
      "constant_value": 1.0,
      "zero_index": 21962,
      "gamma_value": 0.9999999999999999,
      "absolute_error": 1.1102230246251565e-16,
      "relative_error": 1.1102230246251565e-16,
      "significance": 0.0,
      "confidence_interval": [
        0.9989999999999999,
        1.0009999999999997
      ],
      "transformation": "sin"
    },
    {
      "constant_name": "rs_brane_tension",
      "constant_value": 1.0,
      "zero_index": 21962,
      "gamma_value": 0.9999999999999999,
      "absolute_error": 1.1102230246251565e-16,
      "relative_error": 1.1102230246251565e-16,
      "significance": 0.0,
      "confidence_interval": [
        0.9989999999999999,
        1.0009999999999997
      ],
      "transformation": "sin"
    },
    {
      "constant_name": "kk_mass_scale",
      "constant_value": 1.0,
      "zero_index": 21962,
      "gamma_value": 0.9999999999999999,
      "absolute_error": 1.1102230246251565e-16,
      "relative_error": 1.1102230246251565e-16,
      "significance": 0.0,
      "confidence_interval": [
        0.9989999999999999,
        1.0009999999999997
      ],
      "transformation": "sin"
    },
    {
      "constant_name": "extra_dimension_curvature",
      "constant_value": 1.0,
      "zero_index": 21962,
      "gamma_value": 0.9999999999999999,
      "absolute_error": 1.1102230246251565e-16,
      "relative_error": 1.1102230246251565e-16,
      "significance": 0.0,
      "confidence_interval": [
        0.9989999999999999,
        1.0009999999999997
      ],
      "transformation": "sin"
    },
    {
      "constant_name": "rs_5d_cosmological_constant",
      "constant_value": -1.0,
      "zero_index": 631691,
      "gamma_value": -0.9999999999999962,
      "absolute_error": 3.774758283725532e-15,
      "relative_error": 3.774758283725532e-15,
      "significance": 0.0,
      "confidence_interval": [
        -0.9989999999999962,
        -1.0009999999999961
      ],
      "transformation": "sin"
    },
    {
      "constant_name": "number_of_extra_dimensions",
      "constant_value": 6.0,
      "zero_index": 1747146,
      "gamma_value": 5.999999910282189,
      "absolute_error": 8.971781095823417e-08,
      "relative_error": 1.4952968493039027e-08,
      "significance": 0.0,
      "confidence_interval": [
        5.993999910371907,
        6.005999910192471
      ],
      "transformation": "log10"
    },
    {
      "constant_name": "string_dilaton_coupling",
      "constant_value": 0.5,
      "zero_index": 955555,
      "gamma_value": 0.5000005835123732,
      "absolute_error": 5.835123731978697e-07,
      "relative_error": 1.1670247463957395e-06,
      "significance": 0.0,
      "confidence_interval": [
        0.49950058292886085,
        0.5005005840958855
      ],
      "transformation": "sin"
    },
    {
      "constant_name": "cosmic_topology_density",
      "constant_value": 1.013,
      "zero_index": 1117819,
      "gamma_value": 1.013002250454198,
      "absolute_error": 2.2504541981049897e-06,
      "relative_error": 2.221573739491599e-06,
      "significance": 0.0,
      "confidence_interval": [
        1.0119892482037438,
        1.014015252704652
      ],
      "transformation": "tan"
    },
    {
      "constant_name": "calabi_yau_modulus_real",
      "constant_value": 1.61803398875,
      "zero_index": 22815,
      "gamma_value": 1.6180268080368694,
      "absolute_error": 7.1807131305501315e-06,
      "relative_error": 4.437924778142354e-06,
      "significance": 0.0,
      "confidence_interval": [
        1.6164087812288326,
        1.6196448348449062
      ],
      "transformation": "tan"
    }
  ],
  "statistical_analysis": {
    "match_statistics": {
      "count": 9,
      "mean_relative_error": 8.71275137415731e-07,
      "std_relative_error": 1.4590961159683811e-06,
      "median_relative_error": 3.774758283725532e-15,
      "min_relative_error": 1.1102230246251565e-16,
      "max_relative_error": 4.437924778142354e-06
    },
    "category_breakdown": {
      "string_theory_matches": 1,
      "extra_dimensions_matches": 4,
      "brane_cosmology_matches": 2,
      "cosmic_topology_matches": 1,
      "calabi_yau_matches": 1
    },
    "monte_carlo_p_value": 0.0,
    "expected_matches_uniform": 3.533786372621631e-05,
    "bonferroni_corrected_alpha": 0.005555555555555556
  },
  "constants_database": {
    "string_dilaton_coupling": {
      "value": 0.5,
      "uncertainty": 0.4,
      "source": "String Theory (Theoretical)",
      "category": "string_theory",
      "description": "String coupling constant (dilaton VEV)"
    },
    "compactification_radius_planck": {
      "value": 1.0,
      "uncertainty": 0.0,
      "source": "String Theory (Theoretical)",
      "category": "extra_dimensions",
      "description": "Compactification radius in Planck units"
    },
    "number_of_extra_dimensions": {
      "value": 6.0,
      "uncertainty": 0.0,
      "source": "String Theory (Theoretical)",
      "category": "extra_dimensions",
      "description": "Number of compactified extra dimensions"
    },
    "rs_brane_tension": {
      "value": 1.0,
      "uncertainty": 0.0,
      "source": "Randall-Sundrum Model",
      "category": "brane_cosmology",
      "description": "Brane tension in Planck units (Randall-Sundrum model)"
    },
    "rs_5d_cosmological_constant": {
      "value": -1.0,
      "uncertainty": 0.0,
      "source": "Randall-Sundrum Model",
      "category": "brane_cosmology",
      "description": "5D cosmological constant in Randall-Sundrum model"
    },
    "add_gravity_scale_ratio": {
      "value": 1e-16,
      "uncertainty": 0.0,
      "source": "ADD Model (Arkani-Hamed et al.)",
      "category": "extra_dimensions",
      "description": "Ratio of fundamental gravity scale to Planck scale (ADD model)"
    },
    "kk_mass_scale": {
      "value": 1.0,
      "uncertainty": 0.0,
      "source": "Kaluza-Klein Theory",
      "category": "extra_dimensions",
      "description": "Mass of first Kaluza-Klein excitation (in Planck units)"
    },
    "cosmic_topology_density": {
      "value": 1.013,
      "uncertainty": 0.005,
      "source": "WMAP/Planck Data (Luminet et al.)",
      "category": "cosmic_topology",
      "description": "Total density parameter suggesting finite universe topology"
    },
    "calabi_yau_modulus_real": {
      "value": 1.61803398875,
      "uncertainty": 0.0,
      "source": "Calabi-Yau Geometry (Theoretical)",
      "category": "calabi_yau",
      "description": "Real part of Calabi-Yau complex structure modulus (example: golden ratio)"
    },
    "extra_dimension_curvature": {
      "value": 1.0,
      "uncertainty": 0.0,
      "source": "Kaluza-Klein Theory",
      "category": "extra_dimensions",
      "description": "Curvature parameter of extra dimension (k = 1/R^2)"
    }
  }
}