{
  "metadata": {
    "analysis_date": "2025-09-10T12:09:46.273299",
    "script_version": "2.3.0",
    "analysis_focus": "graviton_only",
    "config": {
      "tolerance": 1e-06,
      "monte_carlo_trials": 10000,
      "bootstrap_samples": 1000,
      "significance_level": 0.05,
      "max_zeros_for_analysis": 2000000,
      "random_seed": 42
    },
    "n_zeros_analyzed": 2000000,
    "n_constants_tested": 6
  },
  "matches": [
    {
      "constant_name": "graviton_spin",
      "constant_value": 2.0,
      "zero_index": 1861768,
      "gamma_value": 2.000002748598315,
      "absolute_error": 2.748598315172046e-06,
      "relative_error": 1.374299157586023e-06,
      "significance": 0.0,
      "confidence_interval": [
        1.998002745849717,
        2.002002751346913
      ],
      "transformation": "tan"
    },
    {
      "constant_name": "graviton_speed",
      "constant_value": 299792458.0,
      "zero_index": 19074,
      "gamma_value": 299784861.65585816,
      "absolute_error": 7596.344141840935,
      "relative_error": 2.533867660486954e-05,
      "significance": 0.0,
      "confidence_interval": [
        299485076.7942023,
        300084646.517514
      ],
      "transformation": "square"
    },
    {
      "constant_name": "planck_energy",
      "constant_value": 1956081636.0991087,
      "zero_index": 55322,
      "gamma_value": 1956029911.8174782,
      "absolute_error": 51724.28163051605,
      "relative_error": 2.6442803140704575e-05,
      "significance": 0.0,
      "confidence_interval": [
        1954073881.9056606,
        1957985941.7292955
      ],
      "transformation": "square"
    }
  ],
  "statistical_analysis": {
    "match_statistics": {
      "count": 3,
      "mean_relative_error": 1.7718592967720046e-05,
      "std_relative_error": 1.1565947978607224e-05,
      "median_relative_error": 2.533867660486954e-05,
      "min_relative_error": 1.374299157586023e-06,
      "max_relative_error": 2.6442803140704575e-05
    },
    "category_breakdown": {
      "graviton_physics_matches": 2,
      "quantum_gravity_matches": 1
    },
    "monte_carlo_p_value": 0.0,
    "expected_matches_uniform": 2.120271823572979e-05,
    "bonferroni_corrected_alpha": 0.016666666666666666
  },
  "constants_database": {
    "graviton_mass_upper_limit": {
      "value": 1.78e-65,
      "uncertainty": 0.0,
      "source": "LIGO/Virgo + Solar System Tests",
      "category": "graviton_physics",
      "description": "Upper limit on graviton mass (kg)"
    },
    "gravitational_coupling_constant": {
      "value": 5.906149417423905e-39,
      "uncertainty": 0.0,
      "source": "Derived (G\u00b7m_p\u00b2/\u0127c)",
      "category": "graviton_physics",
      "description": "Dimensionless gravitational coupling constant (characterizes graviton interaction strength)"
    },
    "graviton_compton_wavelength_lower_bound": {
      "value": 1e+28,
      "uncertainty": 0.0,
      "source": "Derived from m_g upper limit",
      "category": "graviton_physics",
      "description": "Lower bound on graviton Compton wavelength (meters)"
    },
    "planck_energy": {
      "value": 1956081636.0991087,
      "uncertainty": 0.0,
      "source": "Fundamental Constant",
      "category": "quantum_gravity",
      "description": "Planck energy - characteristic energy scale for quantum gravity and graviton"
    },
    "graviton_spin": {
      "value": 2.0,
      "uncertainty": 0.0,
      "source": "Quantum Field Theory",
      "category": "graviton_physics",
      "description": "Theoretical spin of the graviton (dimensionless)"
    },
    "graviton_speed": {
      "value": 299792458.0,
      "uncertainty": 0.0,
      "source": "General Relativity",
      "category": "graviton_physics",
      "description": "Theoretical propagation speed of the graviton (m/s)"
    }
  }
}