{
  "metadata": {
    "analysis_date": "2025-09-09T22:31:31.582325",
    "script_version": "2.3.0",
    "analysis_focus": "universal_constants_only",
    "config": {
      "tolerance": 1e-06,
      "monte_carlo_trials": 10000,
      "bootstrap_samples": 1000,
      "significance_level": 0.05,
      "max_zeros_for_analysis": 2000000,
      "random_seed": 42
    },
    "n_zeros_analyzed": 2000000,
    "n_constants_tested": 10
  },
  "matches": [
    {
      "constant_name": "density_fluctuation_amplitude",
      "constant_value": 1e-05,
      "zero_index": 138069,
      "gamma_value": 1.0000029905230333e-05,
      "absolute_error": 2.99052303323529e-11,
      "relative_error": 2.9905230332352897e-06,
      "significance": 0.0,
      "confidence_interval": [
        9.990029875325103e-06,
        1.0010029935135563e-05
      ],
      "transformation": "inverse"
    },
    {
      "constant_name": "fine_structure_constant",
      "constant_value": 0.0072973525693,
      "zero_index": 20930,
      "gamma_value": 0.007297449482985426,
      "absolute_error": 9.691368542570633e-08,
      "relative_error": 1.3280663707194676e-05,
      "significance": 0.0,
      "confidence_interval": [
        0.007290152033502441,
        0.007304746932468411
      ],
      "transformation": "reciprocal_sqrt"
    },
    {
      "constant_name": "pi",
      "constant_value": 3.141592653589793,
      "zero_index": 971,
      "gamma_value": 3.1416578641121577,
      "absolute_error": 6.521052236463376e-05,
      "relative_error": 2.075715395187211e-05,
      "significance": 0.0,
      "confidence_interval": [
        3.1385162062480454,
        3.1447995219762697
      ],
      "transformation": "log10"
    },
    {
      "constant_name": "euler_number",
      "constant_value": 2.718281828459045,
      "zero_index": 286,
      "gamma_value": 2.718050299777711,
      "absolute_error": 0.00023152868133413662,
      "relative_error": 8.517464190436313e-05,
      "significance": 0.0,
      "confidence_interval": [
        2.715332249477933,
        2.7207683500774884
      ],
      "transformation": "log10"
    }
  ],
  "statistical_analysis": {
    "match_statistics": {
      "count": 4,
      "mean_relative_error": 3.0550745649166297e-05,
      "std_relative_error": 3.2161724461516e-05,
      "median_relative_error": 1.701890882953339e-05,
      "min_relative_error": 2.9905230332352897e-06,
      "max_relative_error": 8.517464190436313e-05
    },
    "category_breakdown": {
      "mathematical_matches": 2,
      "quantum_physics_matches": 1,
      "particle_physics_matches": 0,
      "gravity_matches": 0,
      "cosmology_matches": 1
    },
    "monte_carlo_p_value": 0.0,
    "expected_matches_uniform": 3.533786372621631e-05,
    "bonferroni_corrected_alpha": 0.0125
  },
  "constants_database": {
    "pi": {
      "value": 3.141592653589793,
      "uncertainty": 0.0,
      "source": "Mathematical Constant",
      "category": "mathematical",
      "description": "Ratio of circle circumference to diameter"
    },
    "euler_number": {
      "value": 2.718281828459045,
      "uncertainty": 0.0,
      "source": "Mathematical Constant",
      "category": "mathematical",
      "description": "Base of natural logarithm"
    },
    "golden_ratio": {
      "value": 1.618033988749895,
      "uncertainty": 0.0,
      "source": "Mathematical Constant",
      "category": "mathematical",
      "description": "Golden ratio (1 + sqrt(5))/2"
    },
    "fine_structure_constant": {
      "value": 0.0072973525693,
      "uncertainty": 1.1e-11,
      "source": "CODATA 2018",
      "category": "quantum_physics",
      "description": "Electromagnetic coupling constant"
    },
    "proton_to_electron_mass_ratio": {
      "value": 1836.15267343,
      "uncertainty": 1.1e-07,
      "source": "CODATA 2018",
      "category": "particle_physics",
      "description": "Ratio of proton mass to electron mass"
    },
    "gravitational_coupling_constant": {
      "value": 5.906149417423905e-39,
      "uncertainty": 0.0,
      "source": "Derived (G\u00b7m_p\u00b2/\u0127c)",
      "category": "gravity",
      "description": "Dimensionless gravitational coupling constant"
    },
    "dark_energy_density_parameter": {
      "value": 0.6889,
      "uncertainty": 0.0056,
      "source": "Planck 2018",
      "category": "cosmology",
      "description": "Dark energy density parameter (dimensionless)"
    },
    "baryon_asymmetry_parameter": {
      "value": 6.1e-10,
      "uncertainty": 3e-11,
      "source": "Planck 2018 + BBN",
      "category": "cosmology",
      "description": "Baryon-to-photon ratio (matter-antimatter asymmetry)"
    },
    "density_fluctuation_amplitude": {
      "value": 1e-05,
      "uncertainty": 1e-06,
      "source": "Cosmological Observations",
      "category": "cosmology",
      "description": "Amplitude of primordial density fluctuations (\u03b4\u03c1/\u03c1)"
    },
    "eddington_number": {
      "value": 1e+80,
      "uncertainty": 0.0,
      "source": "Cosmological Estimate",
      "category": "cosmology",
      "description": "Approximate number of protons in observable universe"
    }
  }
}