{
  "metadata": {
    "analysis_date": "2025-09-09T23:07:18.151497",
    "script_version": "2.3.0",
    "analysis_focus": "ckm_pmns_only",
    "config": {
      "tolerance": 1e-06,
      "monte_carlo_trials": 10000,
      "bootstrap_samples": 1000,
      "significance_level": 0.05,
      "max_zeros_for_analysis": 2000000,
      "random_seed": 42
    },
    "n_zeros_analyzed": 2000000,
    "n_constants_tested": 10
  },
  "matches": [
    {
      "constant_name": "ckm_jarlskog_invariant",
      "constant_value": 0.0013088897447910927,
      "zero_index": 969806,
      "gamma_value": 0.001308889674639936,
      "absolute_error": 7.015115658509652e-11,
      "relative_error": 5.359592499236298e-08,
      "significance": 0.0,
      "confidence_interval": [
        0.0013075807849652961,
        0.0013101985643145758
      ],
      "transformation": "reciprocal_sqrt"
    },
    {
      "constant_name": "ckm_delta_cp",
      "constant_value": 1.2,
      "zero_index": 1176605,
      "gamma_value": 1.1999997899940669,
      "absolute_error": 2.1000593308784232e-07,
      "relative_error": 1.7500494423986862e-07,
      "significance": 0.0,
      "confidence_interval": [
        1.1987997902040728,
        1.2011997897840607
      ],
      "transformation": "tan"
    },
    {
      "constant_name": "pmns_theta12",
      "constant_value": 0.5872523687443223,
      "zero_index": 225800,
      "gamma_value": 0.5872521602874814,
      "absolute_error": 2.0845684089998429e-07,
      "relative_error": 3.549697744867542e-07,
      "significance": 0.0,
      "confidence_interval": [
        0.586664908127194,
        0.5878394124477688
      ],
      "transformation": "sin"
    },
    {
      "constant_name": "ckm_v_us",
      "constant_value": 0.6221608329794136,
      "zero_index": 1775948,
      "gamma_value": 0.6221605928339085,
      "absolute_error": 2.4014550514817046e-07,
      "relative_error": 3.859862151690872e-07,
      "significance": 0.0,
      "confidence_interval": [
        0.6215384322410745,
        0.6227827534267423
      ],
      "transformation": "tan"
    },
    {
      "constant_name": "pmns_delta_cp",
      "constant_value": 3.2,
      "zero_index": 1011098,
      "gamma_value": 3.199998729626448,
      "absolute_error": 1.270373552131332e-06,
      "relative_error": 3.9699173504104124e-07,
      "significance": 0.0,
      "confidence_interval": [
        3.1967987308968215,
        3.203198728356074
      ],
      "transformation": "tan"
    },
    {
      "constant_name": "ckm_theta12",
      "constant_value": 0.6714997604949459,
      "zero_index": 853846,
      "gamma_value": 0.6715001432000902,
      "absolute_error": 3.827051443527907e-07,
      "relative_error": 5.699259580833032e-07,
      "significance": 0.0,
      "confidence_interval": [
        0.6708286430568902,
        0.6721716433432903
      ],
      "transformation": "cos"
    },
    {
      "constant_name": "pmns_theta23",
      "constant_value": 0.830459135904746,
      "zero_index": 1505341,
      "gamma_value": 0.8304584194938349,
      "absolute_error": 7.164109110391337e-07,
      "relative_error": 8.62668468640107e-07,
      "significance": 0.0,
      "confidence_interval": [
        0.8296279610743411,
        0.8312888779133286
      ],
      "transformation": "cos"
    },
    {
      "constant_name": "pmns_theta13",
      "constant_value": 0.14887328003763659,
      "zero_index": 1090013,
      "gamma_value": 0.14887377354472905,
      "absolute_error": 4.935070924694251e-07,
      "relative_error": 3.3149473991885033e-06,
      "significance": 0.0,
      "confidence_interval": [
        0.14872489977118433,
        0.14902264731827378
      ],
      "transformation": "cos"
    },
    {
      "constant_name": "ckm_theta13",
      "constant_value": 0.029597681381944234,
      "zero_index": 694839,
      "gamma_value": 0.029597458134560935,
      "absolute_error": 2.2324738329845828e-07,
      "relative_error": 7.542732162616228e-06,
      "significance": 0.0,
      "confidence_interval": [
        0.029567860676426375,
        0.029627055592695493
      ],
      "transformation": "sin"
    },
    {
      "constant_name": "ckm_theta23",
      "constant_value": 0.09809604131586036,
      "zero_index": 1072552,
      "gamma_value": 0.09809512723470971,
      "absolute_error": 9.140811506463953e-07,
      "relative_error": 9.31822669278913e-06,
      "significance": 0.0,
      "confidence_interval": [
        0.097997032107475,
        0.09819322236194442
      ],
      "transformation": "sin"
    }
  ],
  "statistical_analysis": {
    "match_statistics": {
      "count": 10,
      "mean_relative_error": 2.297504927524638e-06,
      "std_relative_error": 3.2165330340215326e-06,
      "median_relative_error": 4.834588465621723e-07,
      "min_relative_error": 5.359592499236298e-08,
      "max_relative_error": 9.31822669278913e-06
    },
    "category_breakdown": {
      "ckm_matrix_matches": 6,
      "pmns_matrix_matches": 4
    },
    "monte_carlo_p_value": 0.0,
    "expected_matches_uniform": 3.533786372621631e-05,
    "bonferroni_corrected_alpha": 0.005
  },
  "constants_database": {
    "ckm_theta12": {
      "value": 0.6714997604949459,
      "uncertainty": 0.001,
      "source": "Particle Data Group 2023",
      "category": "ckm_matrix",
      "description": "CKM matrix angle \u03b8\u2081\u2082 (Cabibbo angle) in radians"
    },
    "ckm_theta23": {
      "value": 0.09809604131586036,
      "uncertainty": 0.001,
      "source": "Particle Data Group 2023",
      "category": "ckm_matrix",
      "description": "CKM matrix angle \u03b8\u2082\u2083 in radians"
    },
    "ckm_theta13": {
      "value": 0.029597681381944234,
      "uncertainty": 0.0001,
      "source": "Particle Data Group 2023",
      "category": "ckm_matrix",
      "description": "CKM matrix angle \u03b8\u2081\u2083 in radians"
    },
    "ckm_delta_cp": {
      "value": 1.2,
      "uncertainty": 0.08,
      "source": "Particle Data Group 2023",
      "category": "ckm_matrix",
      "description": "CKM CP-violating phase \u03b4 in radians"
    },
    "ckm_jarlskog_invariant": {
      "value": 0.0013088897447910927,
      "uncertainty": 2e-06,
      "source": "Particle Data Group 2023",
      "category": "ckm_matrix",
      "description": "CKM Jarlskog invariant (measure of CP violation strength)"
    },
    "ckm_v_us": {
      "value": 0.6221608329794136,
      "uncertainty": 0.001,
      "source": "Particle Data Group 2023",
      "category": "ckm_matrix",
      "description": "CKM matrix element |V_us| (magnitude)"
    },
    "pmns_theta12": {
      "value": 0.5872523687443223,
      "uncertainty": 0.013,
      "source": "Particle Data Group 2023",
      "category": "pmns_matrix",
      "description": "PMNS matrix angle \u03b8\u2081\u2082 (solar) in radians"
    },
    "pmns_theta23": {
      "value": 0.830459135904746,
      "uncertainty": 0.021,
      "source": "Particle Data Group 2023",
      "category": "pmns_matrix",
      "description": "PMNS matrix angle \u03b8\u2082\u2083 (atmospheric) in radians"
    },
    "pmns_theta13": {
      "value": 0.14887328003763659,
      "uncertainty": 0.007,
      "source": "Particle Data Group 2023",
      "category": "pmns_matrix",
      "description": "PMNS matrix angle \u03b8\u2081\u2083 (reactor) in radians"
    },
    "pmns_delta_cp": {
      "value": 3.2,
      "uncertainty": 0.4,
      "source": "Particle Data Group 2023",
      "category": "pmns_matrix",
      "description": "PMNS CP-violating phase \u03b4 in radians"
    }
  }
}