{
  "metadata": {
    "analysis_date": "2025-09-09T21:34:50.531122",
    "script_version": "2.3.0",
    "analysis_focus": "antimatter_only",
    "config": {
      "tolerance": 1e-06,
      "monte_carlo_trials": 10000,
      "bootstrap_samples": 1000,
      "significance_level": 0.05,
      "max_zeros_for_analysis": 2000000,
      "random_seed": 42
    },
    "n_zeros_analyzed": 2000000,
    "n_constants_tested": 5
  },
  "matches": [
    {
      "constant_name": "cp_violation_kaon",
      "constant_value": 0.002228,
      "zero_index": 300596,
      "gamma_value": 0.0022279987233274567,
      "absolute_error": 1.276672543289864e-09,
      "relative_error": 5.730128111713931e-07,
      "significance": 0.0,
      "confidence_interval": [
        0.002225770724604129,
        0.002230226722050784
      ],
      "transformation": "reciprocal_sqrt"
    }
  ],
  "statistical_analysis": {
    "match_statistics": {
      "count": 1,
      "mean_relative_error": 5.730128111713931e-07,
      "std_relative_error": 0.0,
      "median_relative_error": 5.730128111713931e-07,
      "min_relative_error": 5.730128111713931e-07,
      "max_relative_error": 5.730128111713931e-07
    },
    "category_breakdown": {
      "cosmology_matches": 0,
      "particle_physics_matches": 1,
      "antimatter_symmetry_matches": 0,
      "antimatter_particle_matches": 0
    },
    "monte_carlo_p_value": 0.0,
    "expected_matches_uniform": 1.7668931863108156e-05,
    "bonferroni_corrected_alpha": 0.05
  },
  "constants_database": {
    "baryon_asymmetry": {
      "value": 6.1e-10,
      "uncertainty": 3e-11,
      "source": "Planck 2018 + BBN",
      "category": "cosmology",
      "description": "Baryon-to-photon ratio (measure of matter-antimatter asymmetry)"
    },
    "cp_violation_kaon": {
      "value": 0.002228,
      "uncertainty": 1.1e-05,
      "source": "Particle Data Group 2023",
      "category": "particle_physics",
      "description": "CP violation parameter in neutral Kaon system"
    },
    "positron_mass": {
      "value": 9.1093837015e-31,
      "uncertainty": 2.8e-38,
      "source": "CODATA 2018",
      "category": "antimatter_particle",
      "description": "Mass of the positron (antimatter counterpart of electron)"
    },
    "proton_antiproton_mass_ratio": {
      "value": 1.0,
      "uncertainty": 0.0,
      "source": "BASE Experiment (CERN)",
      "category": "antimatter_symmetry",
      "description": "Ratio of proton to antiproton mass (test of CPT symmetry)"
    },
    "electron_positron_charge_ratio": {
      "value": 1.0,
      "uncertainty": 0.0,
      "source": "Fundamental Definition",
      "category": "antimatter_symmetry",
      "description": "Ratio of electron to positron charge magnitude (should be exactly 1)"
    }
  }
}