{
  "metadata": {
    "analysis_date": "2025-09-09T21:15:38.798124",
    "script_version": "2.3.1",
    "analysis_focus": "fundamental_constants_only",
    "config": {
      "tolerance": 1e-06,
      "monte_carlo_trials": 10000,
      "bootstrap_samples": 1000,
      "significance_level": 0.05,
      "max_zeros_for_analysis": 2000000,
      "random_seed": 42
    },
    "n_zeros_analyzed": 2000000,
    "n_constants_tested": 2
  },
  "matches": [
    {
      "constant_name": "fine_structure_constant",
      "constant_value": 0.0072973525693,
      "zero_index": 20930,
      "gamma_value": 0.007297449482985426,
      "absolute_error": 9.691368542570633e-08,
      "relative_error": 1.3280663707194676e-05,
      "significance": 0.0,
      "confidence_interval": [
        0.007290152033502441,
        0.007304746932468411
      ],
      "transformation": "reciprocal_sqrt"
    },
    {
      "constant_name": "pi",
      "constant_value": 3.141592653589793,
      "zero_index": 971,
      "gamma_value": 3.1416578641121577,
      "absolute_error": 6.521052236463376e-05,
      "relative_error": 2.075715395187211e-05,
      "significance": 0.0,
      "confidence_interval": [
        3.1385162062480454,
        3.1447995219762697
      ],
      "transformation": "log10"
    }
  ],
  "statistical_analysis": {
    "match_statistics": {
      "count": 2,
      "mean_relative_error": 1.701890882953339e-05,
      "std_relative_error": 3.7382451223387167e-06,
      "median_relative_error": 1.701890882953339e-05,
      "min_relative_error": 1.3280663707194676e-05,
      "max_relative_error": 2.075715395187211e-05
    },
    "monte_carlo_p_value": 0.0,
    "expected_matches_uniform": 7.067572745243262e-06,
    "bonferroni_corrected_alpha": 0.025
  },
  "constants_database": {
    "pi": {
      "value": 3.141592653589793,
      "uncertainty": 0.0,
      "source": "Mathematical Constant",
      "category": "mathematical_constant",
      "description": "Ratio of a circle's circumference to its diameter"
    },
    "fine_structure_constant": {
      "value": 0.0072973525693,
      "uncertainty": 1.1e-11,
      "source": "CODATA 2018",
      "category": "quantum_physics",
      "description": "Fine structure constant (\u03b1 = e\u00b2 / (4\u03c0\u03b5\u2080\u0127c))"
    }
  }
}