{
  "metadata": {
    "analysis_date": "2025-09-11T02:04:30.552920",
    "script_version": "2.4.0",
    "analysis_focus": "cosmological_constant_only",
    "config": {
      "tolerance": 1e-06,
      "monte_carlo_trials": 10000,
      "bootstrap_samples": 1000,
      "significance_level": 0.05,
      "max_zeros_for_analysis": 2000000,
      "random_seed": 42
    },
    "n_zeros_analyzed": 2000000,
    "n_constants_tested": 1
  },
  "matches": [
    {
      "constant_name": "cosmological_constant_planck",
      "constant_value": 2.8882883232351286e-122,
      "zero_index": 105088,
      "gamma_value": 2.888320195709935e-122,
      "absolute_error": 3.1872474806521043e-127,
      "relative_error": 1.1035073801365218e-05,
      "significance": 0.0,
      "confidence_interval": [
        2.885431875514225e-122,
        2.8912085159056445e-122
      ],
      "transformation": "exp_neg_sqrt"
    }
  ],
  "statistical_analysis": {
    "match_statistics": {
      "count": 1,
      "mean_relative_error": 1.1035073801365218e-05,
      "std_relative_error": 0.0,
      "median_relative_error": 1.1035073801365218e-05,
      "min_relative_error": 1.1035073801365218e-05,
      "max_relative_error": 1.1035073801365218e-05
    },
    "monte_carlo_p_value": 0.0,
    "expected_matches_uniform": 3.533786372621631e-06,
    "bonferroni_corrected_alpha": 0.05
  },
  "constants_database": {
    "cosmological_constant_planck": {
      "value": 2.8882883232351286e-122,
      "uncertainty": 8.664864969705385e-124,
      "source": "Planck 2018 + DESI 2024 (derived)",
      "category": "dark_energy",
      "description": "Cosmological constant in Planck units (dimensionless)"
    }
  }
}